<application>
  <component name="MaterialThemeConfig">
    <option name="contrastMode" value="true" />
    <option name="isContrastMode" value="true" />
    <option name="isWizardShown" value="true" />
    <option name="overrideAccentColor" value="false" />
    <option name="pristineConfig" value="false" />
    <option name="accentColor" value="388e3c" />
    <option name="selectedTheme" value="NATIVE" />
    <option name="userId" value="235514e:174bd2c13cf:-8000" />
    <option name="version" value="5.2.0" />
  </component>
</application>